{
  "model_path": "device_rule_LTR_score/output/ranknet/20260203_084944_ALL/ranknet.pt",
  "feature_keys_path": "device_rule_LTR_score/output/ranknet/20260203_084944_ALL/feature_keys.json",
  "best_select_metric": 0.9285714285714286,
  "valid_metrics": {
    "MAP(rel>=2)": 0.0,
    "MAP(rel>=1)": 0.9285714285714286,
    "NDCG@1": 0.9285714285714286,
    "NDCG@3": 0.9285714285714286,
    "NDCG@5": 0.9285714285714286,
    "NDCG@10": 0.9285714285714286,
    "num_eval_queries": 14
  },
  "train_queries": 58,
  "valid_queries": 14,
  "num_features": 3,
  "pairs_per_query": 300,
  "epochs": 10,
  "lr": 0.001
}